{
  "nrows": 100,
  "mask_fraction": 0.5,
  "nunique": 3,
  "noise": 2,
  "max_samples": 20000,
  "batch_size": 100,
  "target_accuracy": 0.99,
  "elapsed_time": 0.42145824432373047,
  "attack_results": [
    {
      "num_samples": 101,
      "measure": 1.0,
      "mixing": {
        "min": 12,
        "max": 40,
        "avg": 25.747474747474747,
        "stddev": 4.182270019019405,
        "median": 26.0
      }
    }
  ]
}