{
  "nrows": 100,
  "mask_fraction": 0.5,
  "nunique": 2,
  "noise": 3,
  "max_samples": 20000,
  "batch_size": 100,
  "target_accuracy": 0.99,
  "elapsed_time": 0.20130515098571777,
  "attack_results": [
    {
      "num_samples": 101,
      "measure": 1.0,
      "mixing": {
        "min": 7,
        "max": 43,
        "avg": 25.747474747474747,
        "stddev": 4.515525259654122,
        "median": 26.0
      }
    }
  ]
}