{
  "nrows": 100,
  "mask_fraction": 0.5,
  "nunique": 2,
  "noise": 5,
  "max_samples": 20000,
  "batch_size": 100,
  "target_accuracy": 0.99,
  "elapsed_time": 0.617847204208374,
  "attack_results": [
    {
      "num_samples": 101,
      "measure": 0.7,
      "mixing": {
        "min": 13,
        "max": 42,
        "avg": 25.747474747474747,
        "stddev": 4.411196576810117,
        "median": 26.0
      }
    },
    {
      "num_samples": 201,
      "measure": 1.0,
      "mixing": {
        "min": 30,
        "max": 74,
        "avg": 50.494949494949495,
        "stddev": 5.948149253583318,
        "median": 50.0
      }
    }
  ]
}