{
  "nrows": 100,
  "mask_fraction": 0.5,
  "nunique": 2,
  "noise": 6,
  "max_samples": 20000,
  "batch_size": 100,
  "target_accuracy": 0.99,
  "elapsed_time": 0.9445674419403076,
  "attack_results": [
    {
      "num_samples": 101,
      "measure": 0.66,
      "mixing": {
        "min": 10,
        "max": 42,
        "avg": 25.747474747474747,
        "stddev": 4.222124110792821,
        "median": 26.0
      }
    },
    {
      "num_samples": 201,
      "measure": 1.0,
      "mixing": {
        "min": 26,
        "max": 74,
        "avg": 50.494949494949495,
        "stddev": 6.315403227565297,
        "median": 50.0
      }
    }
  ]
}