{
  "nrows": 100,
  "mask_fraction": 0.5,
  "nunique": 2,
  "noise": 2,
  "max_samples": 20000,
  "batch_size": 100,
  "target_accuracy": 0.99,
  "elapsed_time": 0.2217113971710205,
  "attack_results": [
    {
      "num_samples": 101,
      "measure": 1.0,
      "mixing": {
        "min": 14,
        "max": 42,
        "avg": 25.747474747474747,
        "stddev": 4.114874310692449,
        "median": 26.0
      }
    }
  ]
}