{
  "nrows": 100,
  "mask_fraction": 0.05,
  "nunique": 2,
  "noise": 2,
  "max_samples": 20000,
  "batch_size": 100,
  "target_accuracy": 0.99,
  "elapsed_time": 0.14600062370300293,
  "attack_results": [
    {
      "num_samples": 101,
      "measure": 0.77,
      "mixing": {
        "min": 1,
        "max": 5,
        "avg": 1.202020202020202,
        "stddev": 0.450360079949456,
        "median": 1.0
      }
    },
    {
      "num_samples": 201,
      "measure": 0.98,
      "mixing": {
        "min": 1,
        "max": 5,
        "avg": 1.404040404040404,
        "stddev": 0.6472816806654498,
        "median": 1.0
      }
    },
    {
      "num_samples": 301,
      "measure": 0.99,
      "mixing": {
        "min": 1,
        "max": 6,
        "avg": 1.606060606060606,
        "stddev": 0.8009865358858037,
        "median": 1.0
      }
    }
  ]
}