{
  "nrows": 100,
  "mask_fraction": 0.5,
  "nunique": 2,
  "noise": 10,
  "max_samples": 20000,
  "batch_size": 100,
  "target_accuracy": 0.99,
  "elapsed_time": 3.32987380027771,
  "attack_results": [
    {
      "num_samples": 101,
      "measure": 0.6,
      "mixing": {
        "min": 11,
        "max": 43,
        "avg": 25.747474747474747,
        "stddev": 4.202700993801689,
        "median": 26.0
      }
    },
    {
      "num_samples": 201,
      "measure": 0.9,
      "mixing": {
        "min": 31,
        "max": 69,
        "avg": 50.494949494949495,
        "stddev": 5.467209391710068,
        "median": 51.0
      }
    },
    {
      "num_samples": 301,
      "measure": 1.0,
      "mixing": {
        "min": 53,
        "max": 99,
        "avg": 75.24242424242425,
        "stddev": 6.898500655560297,
        "median": 75.0
      }
    }
  ]
}